model,MAE,MSE,RMSE,R2
XGBRegressor,1.0877152557373047,2.656316342273865,1.6298209540541149,0.8338141232273949
GradientBoostingRegressor,1.0888528182410493,2.650565087370731,1.6280556155643857,0.8341739362976266
HistGradientBoostingRegressor,1.0939766976143142,2.698106728069146,1.6425914671850532,0.8311996108692361
LinearRegression,1.117436979467218,2.8040013258739775,1.6745152510126557,0.824574576681247
Previous-3 mean baseline,1.126,2.911,1.7061652909375458,0.8178804686828308
RandomForestRegressor,1.1759766333333332,3.0145994971888888,1.7362602043440634,0.8113990218010944
SVR,1.1972541887929962,3.0011132061408836,1.732372132695768,0.8122427583194282
KNeighborsRegressor,1.3506999999999998,3.510317777777778,1.8735842062148629,0.7803856308954944
DecisionTreeRegressor,1.8815,8.3995,2.8981890897593274,0.47450601054669783
